Domain Code,Domain,Area Code (M49),Area,Element Code,Element,Item Code (CPC),Item,Year Code,Year,Unit,Value,Flag,Flag Description
"FBS","Food Balances (2010-)","208","Denmark","664","Food supply (kcal/capita/day)","S2905","Cereals - Excluding Beer","2016","2016","kcal/capita/day","847","E","Estimated value"
"FBS","Food Balances (2010-)","208","Denmark","664","Food supply (kcal/capita/day)","S2905","Cereals - Excluding Beer","2017","2017","kcal/capita/day","878","E","Estimated value"
"FBS","Food Balances (2010-)","208","Denmark","664","Food supply (kcal/capita/day)","S2905","Cereals - Excluding Beer","2018","2018","kcal/capita/day","826","E","Estimated value"
"FBS","Food Balances (2010-)","208","Denmark","664","Food supply (kcal/capita/day)","S2905","Cereals - Excluding Beer","2019","2019","kcal/capita/day","802","E","Estimated value"
"FBS","Food Balances (2010-)","208","Denmark","664","Food supply (kcal/capita/day)","S2905","Cereals - Excluding Beer","2020","2020","kcal/capita/day","794","E","Estimated value"
"FBS","Food Balances (2010-)","208","Denmark","664","Food supply (kcal/capita/day)","S2908","Sugar Crops","2016","2016","kcal/capita/day","0","E","Estimated value"
"FBS","Food Balances (2010-)","208","Denmark","664","Food supply (kcal/capita/day)","S2908","Sugar Crops","2017","2017","kcal/capita/day","0","E","Estimated value"
"FBS","Food Balances (2010-)","208","Denmark","664","Food supply (kcal/capita/day)","S2908","Sugar Crops","2018","2018","kcal/capita/day","0","E","Estimated value"
"FBS","Food Balances (2010-)","208","Denmark","664","Food supply (kcal/capita/day)","S2908","Sugar Crops","2019","2019","kcal/capita/day","0","E","Estimated value"
"FBS","Food Balances (2010-)","208","Denmark","664","Food supply (kcal/capita/day)","S2908","Sugar Crops","2020","2020","kcal/capita/day","0","E","Estimated value"
"FBS","Food Balances (2010-)","208","Denmark","664","Food supply (kcal/capita/day)","S2909","Sugar & Sweeteners","2016","2016","kcal/capita/day","480","E","Estimated value"
"FBS","Food Balances (2010-)","208","Denmark","664","Food supply (kcal/capita/day)","S2909","Sugar & Sweeteners","2017","2017","kcal/capita/day","483","E","Estimated value"
"FBS","Food Balances (2010-)","208","Denmark","664","Food supply (kcal/capita/day)","S2909","Sugar & Sweeteners","2018","2018","kcal/capita/day","489","E","Estimated value"
"FBS","Food Balances (2010-)","208","Denmark","664","Food supply (kcal/capita/day)","S2909","Sugar & Sweeteners","2019","2019","kcal/capita/day","473","E","Estimated value"
"FBS","Food Balances (2010-)","208","Denmark","664","Food supply (kcal/capita/day)","S2909","Sugar & Sweeteners","2020","2020","kcal/capita/day","494","E","Estimated value"
"FBS","Food Balances (2010-)","208","Denmark","664","Food supply (kcal/capita/day)","S2918","Vegetables","2016","2016","kcal/capita/day","77","E","Estimated value"
"FBS","Food Balances (2010-)","208","Denmark","664","Food supply (kcal/capita/day)","S2918","Vegetables","2017","2017","kcal/capita/day","79","E","Estimated value"
"FBS","Food Balances (2010-)","208","Denmark","664","Food supply (kcal/capita/day)","S2918","Vegetables","2018","2018","kcal/capita/day","81","E","Estimated value"
"FBS","Food Balances (2010-)","208","Denmark","664","Food supply (kcal/capita/day)","S2918","Vegetables","2019","2019","kcal/capita/day","74","E","Estimated value"
"FBS","Food Balances (2010-)","208","Denmark","664","Food supply (kcal/capita/day)","S2918","Vegetables","2020","2020","kcal/capita/day","73","E","Estimated value"
"FBS","Food Balances (2010-)","208","Denmark","664","Food supply (kcal/capita/day)","S2919","Fruits - Excluding Wine","2016","2016","kcal/capita/day","107","E","Estimated value"
"FBS","Food Balances (2010-)","208","Denmark","664","Food supply (kcal/capita/day)","S2919","Fruits - Excluding Wine","2017","2017","kcal/capita/day","107","E","Estimated value"
"FBS","Food Balances (2010-)","208","Denmark","664","Food supply (kcal/capita/day)","S2919","Fruits - Excluding Wine","2018","2018","kcal/capita/day","112","E","Estimated value"
"FBS","Food Balances (2010-)","208","Denmark","664","Food supply (kcal/capita/day)","S2919","Fruits - Excluding Wine","2019","2019","kcal/capita/day","108","E","Estimated value"
"FBS","Food Balances (2010-)","208","Denmark","664","Food supply (kcal/capita/day)","S2919","Fruits - Excluding Wine","2020","2020","kcal/capita/day","111","E","Estimated value"
"FBS","Food Balances (2010-)","208","Denmark","664","Food supply (kcal/capita/day)","S2924","Alcoholic Beverages","2016","2016","kcal/capita/day","159","E","Estimated value"
"FBS","Food Balances (2010-)","208","Denmark","664","Food supply (kcal/capita/day)","S2924","Alcoholic Beverages","2017","2017","kcal/capita/day","164","E","Estimated value"
"FBS","Food Balances (2010-)","208","Denmark","664","Food supply (kcal/capita/day)","S2924","Alcoholic Beverages","2018","2018","kcal/capita/day","165","E","Estimated value"
"FBS","Food Balances (2010-)","208","Denmark","664","Food supply (kcal/capita/day)","S2924","Alcoholic Beverages","2019","2019","kcal/capita/day","159","E","Estimated value"
"FBS","Food Balances (2010-)","208","Denmark","664","Food supply (kcal/capita/day)","S2924","Alcoholic Beverages","2020","2020","kcal/capita/day","160","E","Estimated value"
"FBS","Food Balances (2010-)","208","Denmark","664","Food supply (kcal/capita/day)","S2943","Meat","2016","2016","kcal/capita/day","373","E","Estimated value"
"FBS","Food Balances (2010-)","208","Denmark","664","Food supply (kcal/capita/day)","S2943","Meat","2017","2017","kcal/capita/day","375","E","Estimated value"
"FBS","Food Balances (2010-)","208","Denmark","664","Food supply (kcal/capita/day)","S2943","Meat","2018","2018","kcal/capita/day","389","E","Estimated value"
"FBS","Food Balances (2010-)","208","Denmark","664","Food supply (kcal/capita/day)","S2943","Meat","2019","2019","kcal/capita/day","351","E","Estimated value"
"FBS","Food Balances (2010-)","208","Denmark","664","Food supply (kcal/capita/day)","S2943","Meat","2020","2020","kcal/capita/day","304","E","Estimated value"
"FBS","Food Balances (2010-)","208","Denmark","664","Food supply (kcal/capita/day)","S2949","Eggs","2016","2016","kcal/capita/day","66","E","Estimated value"
"FBS","Food Balances (2010-)","208","Denmark","664","Food supply (kcal/capita/day)","S2949","Eggs","2017","2017","kcal/capita/day","65","E","Estimated value"
"FBS","Food Balances (2010-)","208","Denmark","664","Food supply (kcal/capita/day)","S2949","Eggs","2018","2018","kcal/capita/day","66","E","Estimated value"
"FBS","Food Balances (2010-)","208","Denmark","664","Food supply (kcal/capita/day)","S2949","Eggs","2019","2019","kcal/capita/day","63","E","Estimated value"
"FBS","Food Balances (2010-)","208","Denmark","664","Food supply (kcal/capita/day)","S2949","Eggs","2020","2020","kcal/capita/day","62","E","Estimated value"
"FBS","Food Balances (2010-)","208","Denmark","664","Food supply (kcal/capita/day)","S2948","Milk - Excluding Butter","2016","2016","kcal/capita/day","409","E","Estimated value"
"FBS","Food Balances (2010-)","208","Denmark","664","Food supply (kcal/capita/day)","S2948","Milk - Excluding Butter","2017","2017","kcal/capita/day","388","E","Estimated value"
"FBS","Food Balances (2010-)","208","Denmark","664","Food supply (kcal/capita/day)","S2948","Milk - Excluding Butter","2018","2018","kcal/capita/day","413","E","Estimated value"
"FBS","Food Balances (2010-)","208","Denmark","664","Food supply (kcal/capita/day)","S2948","Milk - Excluding Butter","2019","2019","kcal/capita/day","470","E","Estimated value"
"FBS","Food Balances (2010-)","208","Denmark","664","Food supply (kcal/capita/day)","S2948","Milk - Excluding Butter","2020","2020","kcal/capita/day","472","E","Estimated value"
"FBS","Food Balances (2010-)","208","Denmark","664","Food supply (kcal/capita/day)","S2960","Fish, Seafood","2016","2016","kcal/capita/day","72","E","Estimated value"
"FBS","Food Balances (2010-)","208","Denmark","664","Food supply (kcal/capita/day)","S2960","Fish, Seafood","2017","2017","kcal/capita/day","76","E","Estimated value"
"FBS","Food Balances (2010-)","208","Denmark","664","Food supply (kcal/capita/day)","S2960","Fish, Seafood","2018","2018","kcal/capita/day","75","E","Estimated value"
"FBS","Food Balances (2010-)","208","Denmark","664","Food supply (kcal/capita/day)","S2960","Fish, Seafood","2019","2019","kcal/capita/day","75","E","Estimated value"
"FBS","Food Balances (2010-)","208","Denmark","664","Food supply (kcal/capita/day)","S2960","Fish, Seafood","2020","2020","kcal/capita/day","75","E","Estimated value"
"FBS","Food Balances (2010-)","233","Estonia","664","Food supply (kcal/capita/day)","S2905","Cereals - Excluding Beer","2016","2016","kcal/capita/day","766","E","Estimated value"
"FBS","Food Balances (2010-)","233","Estonia","664","Food supply (kcal/capita/day)","S2905","Cereals - Excluding Beer","2017","2017","kcal/capita/day","781","E","Estimated value"
"FBS","Food Balances (2010-)","233","Estonia","664","Food supply (kcal/capita/day)","S2905","Cereals - Excluding Beer","2018","2018","kcal/capita/day","785","E","Estimated value"
"FBS","Food Balances (2010-)","233","Estonia","664","Food supply (kcal/capita/day)","S2905","Cereals - Excluding Beer","2019","2019","kcal/capita/day","626","E","Estimated value"
"FBS","Food Balances (2010-)","233","Estonia","664","Food supply (kcal/capita/day)","S2905","Cereals - Excluding Beer","2020","2020","kcal/capita/day","591","E","Estimated value"
"FBS","Food Balances (2010-)","233","Estonia","664","Food supply (kcal/capita/day)","S2909","Sugar & Sweeteners","2016","2016","kcal/capita/day","241","E","Estimated value"
"FBS","Food Balances (2010-)","233","Estonia","664","Food supply (kcal/capita/day)","S2909","Sugar & Sweeteners","2017","2017","kcal/capita/day","242","E","Estimated value"
"FBS","Food Balances (2010-)","233","Estonia","664","Food supply (kcal/capita/day)","S2909","Sugar & Sweeteners","2018","2018","kcal/capita/day","269","E","Estimated value"
"FBS","Food Balances (2010-)","233","Estonia","664","Food supply (kcal/capita/day)","S2909","Sugar & Sweeteners","2019","2019","kcal/capita/day","290","E","Estimated value"
"FBS","Food Balances (2010-)","233","Estonia","664","Food supply (kcal/capita/day)","S2909","Sugar & Sweeteners","2020","2020","kcal/capita/day","317","E","Estimated value"
"FBS","Food Balances (2010-)","233","Estonia","664","Food supply (kcal/capita/day)","S2918","Vegetables","2016","2016","kcal/capita/day","78","E","Estimated value"
"FBS","Food Balances (2010-)","233","Estonia","664","Food supply (kcal/capita/day)","S2918","Vegetables","2017","2017","kcal/capita/day","80","E","Estimated value"
"FBS","Food Balances (2010-)","233","Estonia","664","Food supply (kcal/capita/day)","S2918","Vegetables","2018","2018","kcal/capita/day","83","E","Estimated value"
"FBS","Food Balances (2010-)","233","Estonia","664","Food supply (kcal/capita/day)","S2918","Vegetables","2019","2019","kcal/capita/day","71","E","Estimated value"
"FBS","Food Balances (2010-)","233","Estonia","664","Food supply (kcal/capita/day)","S2918","Vegetables","2020","2020","kcal/capita/day","70","E","Estimated value"
"FBS","Food Balances (2010-)","233","Estonia","664","Food supply (kcal/capita/day)","S2919","Fruits - Excluding Wine","2016","2016","kcal/capita/day","109","E","Estimated value"
"FBS","Food Balances (2010-)","233","Estonia","664","Food supply (kcal/capita/day)","S2919","Fruits - Excluding Wine","2017","2017","kcal/capita/day","115","E","Estimated value"
"FBS","Food Balances (2010-)","233","Estonia","664","Food supply (kcal/capita/day)","S2919","Fruits - Excluding Wine","2018","2018","kcal/capita/day","108","E","Estimated value"
"FBS","Food Balances (2010-)","233","Estonia","664","Food supply (kcal/capita/day)","S2919","Fruits - Excluding Wine","2019","2019","kcal/capita/day","101","E","Estimated value"
"FBS","Food Balances (2010-)","233","Estonia","664","Food supply (kcal/capita/day)","S2919","Fruits - Excluding Wine","2020","2020","kcal/capita/day","102","E","Estimated value"
"FBS","Food Balances (2010-)","233","Estonia","664","Food supply (kcal/capita/day)","S2924","Alcoholic Beverages","2016","2016","kcal/capita/day","340","E","Estimated value"
"FBS","Food Balances (2010-)","233","Estonia","664","Food supply (kcal/capita/day)","S2924","Alcoholic Beverages","2017","2017","kcal/capita/day","321","E","Estimated value"
"FBS","Food Balances (2010-)","233","Estonia","664","Food supply (kcal/capita/day)","S2924","Alcoholic Beverages","2018","2018","kcal/capita/day","269","E","Estimated value"
"FBS","Food Balances (2010-)","233","Estonia","664","Food supply (kcal/capita/day)","S2924","Alcoholic Beverages","2019","2019","kcal/capita/day","267","E","Estimated value"
"FBS","Food Balances (2010-)","233","Estonia","664","Food supply (kcal/capita/day)","S2924","Alcoholic Beverages","2020","2020","kcal/capita/day","293","E","Estimated value"
"FBS","Food Balances (2010-)","233","Estonia","664","Food supply (kcal/capita/day)","S2943","Meat","2016","2016","kcal/capita/day","300","E","Estimated value"
"FBS","Food Balances (2010-)","233","Estonia","664","Food supply (kcal/capita/day)","S2943","Meat","2017","2017","kcal/capita/day","281","E","Estimated value"
"FBS","Food Balances (2010-)","233","Estonia","664","Food supply (kcal/capita/day)","S2943","Meat","2018","2018","kcal/capita/day","318","E","Estimated value"
"FBS","Food Balances (2010-)","233","Estonia","664","Food supply (kcal/capita/day)","S2943","Meat","2019","2019","kcal/capita/day","314","E","Estimated value"
"FBS","Food Balances (2010-)","233","Estonia","664","Food supply (kcal/capita/day)","S2943","Meat","2020","2020","kcal/capita/day","317","E","Estimated value"
"FBS","Food Balances (2010-)","233","Estonia","664","Food supply (kcal/capita/day)","S2949","Eggs","2016","2016","kcal/capita/day","49","E","Estimated value"
"FBS","Food Balances (2010-)","233","Estonia","664","Food supply (kcal/capita/day)","S2949","Eggs","2017","2017","kcal/capita/day","47","E","Estimated value"
"FBS","Food Balances (2010-)","233","Estonia","664","Food supply (kcal/capita/day)","S2949","Eggs","2018","2018","kcal/capita/day","48","E","Estimated value"
"FBS","Food Balances (2010-)","233","Estonia","664","Food supply (kcal/capita/day)","S2949","Eggs","2019","2019","kcal/capita/day","49","E","Estimated value"
"FBS","Food Balances (2010-)","233","Estonia","664","Food supply (kcal/capita/day)","S2949","Eggs","2020","2020","kcal/capita/day","47","E","Estimated value"
"FBS","Food Balances (2010-)","233","Estonia","664","Food supply (kcal/capita/day)","S2948","Milk - Excluding Butter","2016","2016","kcal/capita/day","560","E","Estimated value"
"FBS","Food Balances (2010-)","233","Estonia","664","Food supply (kcal/capita/day)","S2948","Milk - Excluding Butter","2017","2017","kcal/capita/day","551","E","Estimated value"
"FBS","Food Balances (2010-)","233","Estonia","664","Food supply (kcal/capita/day)","S2948","Milk - Excluding Butter","2018","2018","kcal/capita/day","536","E","Estimated value"
"FBS","Food Balances (2010-)","233","Estonia","664","Food supply (kcal/capita/day)","S2948","Milk - Excluding Butter","2019","2019","kcal/capita/day","579","E","Estimated value"
"FBS","Food Balances (2010-)","233","Estonia","664","Food supply (kcal/capita/day)","S2948","Milk - Excluding Butter","2020","2020","kcal/capita/day","572","E","Estimated value"
"FBS","Food Balances (2010-)","233","Estonia","664","Food supply (kcal/capita/day)","S2960","Fish, Seafood","2016","2016","kcal/capita/day","20","E","Estimated value"
"FBS","Food Balances (2010-)","233","Estonia","664","Food supply (kcal/capita/day)","S2960","Fish, Seafood","2017","2017","kcal/capita/day","22","E","Estimated value"
"FBS","Food Balances (2010-)","233","Estonia","664","Food supply (kcal/capita/day)","S2960","Fish, Seafood","2018","2018","kcal/capita/day","22","E","Estimated value"
"FBS","Food Balances (2010-)","233","Estonia","664","Food supply (kcal/capita/day)","S2960","Fish, Seafood","2019","2019","kcal/capita/day","22","E","Estimated value"
"FBS","Food Balances (2010-)","233","Estonia","664","Food supply (kcal/capita/day)","S2960","Fish, Seafood","2020","2020","kcal/capita/day","22","E","Estimated value"
"FBS","Food Balances (2010-)","246","Finland","664","Food supply (kcal/capita/day)","S2905","Cereals - Excluding Beer","2016","2016","kcal/capita/day","958","E","Estimated value"
"FBS","Food Balances (2010-)","246","Finland","664","Food supply (kcal/capita/day)","S2905","Cereals - Excluding Beer","2017","2017","kcal/capita/day","968","E","Estimated value"
"FBS","Food Balances (2010-)","246","Finland","664","Food supply (kcal/capita/day)","S2905","Cereals - Excluding Beer","2018","2018","kcal/capita/day","962","E","Estimated value"
"FBS","Food Balances (2010-)","246","Finland","664","Food supply (kcal/capita/day)","S2905","Cereals - Excluding Beer","2019","2019","kcal/capita/day","972","E","Estimated value"
"FBS","Food Balances (2010-)","246","Finland","664","Food supply (kcal/capita/day)","S2905","Cereals - Excluding Beer","2020","2020","kcal/capita/day","894","E","Estimated value"
"FBS","Food Balances (2010-)","246","Finland","664","Food supply (kcal/capita/day)","S2909","Sugar & Sweeteners","2016","2016","kcal/capita/day","300","E","Estimated value"
"FBS","Food Balances (2010-)","246","Finland","664","Food supply (kcal/capita/day)","S2909","Sugar & Sweeteners","2017","2017","kcal/capita/day","302","E","Estimated value"
"FBS","Food Balances (2010-)","246","Finland","664","Food supply (kcal/capita/day)","S2909","Sugar & Sweeteners","2018","2018","kcal/capita/day","311","E","Estimated value"
"FBS","Food Balances (2010-)","246","Finland","664","Food supply (kcal/capita/day)","S2909","Sugar & Sweeteners","2019","2019","kcal/capita/day","345","E","Estimated value"
"FBS","Food Balances (2010-)","246","Finland","664","Food supply (kcal/capita/day)","S2909","Sugar & Sweeteners","2020","2020","kcal/capita/day","343","E","Estimated value"
"FBS","Food Balances (2010-)","246","Finland","664","Food supply (kcal/capita/day)","S2918","Vegetables","2016","2016","kcal/capita/day","59","E","Estimated value"
"FBS","Food Balances (2010-)","246","Finland","664","Food supply (kcal/capita/day)","S2918","Vegetables","2017","2017","kcal/capita/day","57","E","Estimated value"
"FBS","Food Balances (2010-)","246","Finland","664","Food supply (kcal/capita/day)","S2918","Vegetables","2018","2018","kcal/capita/day","59","E","Estimated value"
"FBS","Food Balances (2010-)","246","Finland","664","Food supply (kcal/capita/day)","S2918","Vegetables","2019","2019","kcal/capita/day","62","E","Estimated value"
"FBS","Food Balances (2010-)","246","Finland","664","Food supply (kcal/capita/day)","S2918","Vegetables","2020","2020","kcal/capita/day","60","E","Estimated value"
"FBS","Food Balances (2010-)","246","Finland","664","Food supply (kcal/capita/day)","S2919","Fruits - Excluding Wine","2016","2016","kcal/capita/day","108","E","Estimated value"
"FBS","Food Balances (2010-)","246","Finland","664","Food supply (kcal/capita/day)","S2919","Fruits - Excluding Wine","2017","2017","kcal/capita/day","107","E","Estimated value"
"FBS","Food Balances (2010-)","246","Finland","664","Food supply (kcal/capita/day)","S2919","Fruits - Excluding Wine","2018","2018","kcal/capita/day","106","E","Estimated value"
"FBS","Food Balances (2010-)","246","Finland","664","Food supply (kcal/capita/day)","S2919","Fruits - Excluding Wine","2019","2019","kcal/capita/day","109","E","Estimated value"
"FBS","Food Balances (2010-)","246","Finland","664","Food supply (kcal/capita/day)","S2919","Fruits - Excluding Wine","2020","2020","kcal/capita/day","108","E","Estimated value"
"FBS","Food Balances (2010-)","246","Finland","664","Food supply (kcal/capita/day)","S2924","Alcoholic Beverages","2016","2016","kcal/capita/day","162","E","Estimated value"
"FBS","Food Balances (2010-)","246","Finland","664","Food supply (kcal/capita/day)","S2924","Alcoholic Beverages","2017","2017","kcal/capita/day","160","E","Estimated value"
"FBS","Food Balances (2010-)","246","Finland","664","Food supply (kcal/capita/day)","S2924","Alcoholic Beverages","2018","2018","kcal/capita/day","148","E","Estimated value"
"FBS","Food Balances (2010-)","246","Finland","664","Food supply (kcal/capita/day)","S2924","Alcoholic Beverages","2019","2019","kcal/capita/day","161","E","Estimated value"
"FBS","Food Balances (2010-)","246","Finland","664","Food supply (kcal/capita/day)","S2924","Alcoholic Beverages","2020","2020","kcal/capita/day","170","E","Estimated value"
"FBS","Food Balances (2010-)","246","Finland","664","Food supply (kcal/capita/day)","S2943","Meat","2016","2016","kcal/capita/day","516","E","Estimated value"
"FBS","Food Balances (2010-)","246","Finland","664","Food supply (kcal/capita/day)","S2943","Meat","2017","2017","kcal/capita/day","519","E","Estimated value"
"FBS","Food Balances (2010-)","246","Finland","664","Food supply (kcal/capita/day)","S2943","Meat","2018","2018","kcal/capita/day","527","E","Estimated value"
"FBS","Food Balances (2010-)","246","Finland","664","Food supply (kcal/capita/day)","S2943","Meat","2019","2019","kcal/capita/day","470","E","Estimated value"
"FBS","Food Balances (2010-)","246","Finland","664","Food supply (kcal/capita/day)","S2943","Meat","2020","2020","kcal/capita/day","469","E","Estimated value"
"FBS","Food Balances (2010-)","246","Finland","664","Food supply (kcal/capita/day)","S2949","Eggs","2016","2016","kcal/capita/day","42","E","Estimated value"
"FBS","Food Balances (2010-)","246","Finland","664","Food supply (kcal/capita/day)","S2949","Eggs","2017","2017","kcal/capita/day","42","E","Estimated value"
"FBS","Food Balances (2010-)","246","Finland","664","Food supply (kcal/capita/day)","S2949","Eggs","2018","2018","kcal/capita/day","42","E","Estimated value"
"FBS","Food Balances (2010-)","246","Finland","664","Food supply (kcal/capita/day)","S2949","Eggs","2019","2019","kcal/capita/day","42","E","Estimated value"
"FBS","Food Balances (2010-)","246","Finland","664","Food supply (kcal/capita/day)","S2949","Eggs","2020","2020","kcal/capita/day","44","E","Estimated value"
"FBS","Food Balances (2010-)","246","Finland","664","Food supply (kcal/capita/day)","S2948","Milk - Excluding Butter","2016","2016","kcal/capita/day","509","E","Estimated value"
"FBS","Food Balances (2010-)","246","Finland","664","Food supply (kcal/capita/day)","S2948","Milk - Excluding Butter","2017","2017","kcal/capita/day","504","E","Estimated value"
"FBS","Food Balances (2010-)","246","Finland","664","Food supply (kcal/capita/day)","S2948","Milk - Excluding Butter","2018","2018","kcal/capita/day","481","E","Estimated value"
"FBS","Food Balances (2010-)","246","Finland","664","Food supply (kcal/capita/day)","S2948","Milk - Excluding Butter","2019","2019","kcal/capita/day","486","E","Estimated value"
"FBS","Food Balances (2010-)","246","Finland","664","Food supply (kcal/capita/day)","S2948","Milk - Excluding Butter","2020","2020","kcal/capita/day","491","E","Estimated value"
"FBS","Food Balances (2010-)","246","Finland","664","Food supply (kcal/capita/day)","S2960","Fish, Seafood","2016","2016","kcal/capita/day","60","E","Estimated value"
"FBS","Food Balances (2010-)","246","Finland","664","Food supply (kcal/capita/day)","S2960","Fish, Seafood","2017","2017","kcal/capita/day","63","E","Estimated value"
"FBS","Food Balances (2010-)","246","Finland","664","Food supply (kcal/capita/day)","S2960","Fish, Seafood","2018","2018","kcal/capita/day","63","E","Estimated value"
"FBS","Food Balances (2010-)","246","Finland","664","Food supply (kcal/capita/day)","S2960","Fish, Seafood","2019","2019","kcal/capita/day","63","E","Estimated value"
"FBS","Food Balances (2010-)","246","Finland","664","Food supply (kcal/capita/day)","S2960","Fish, Seafood","2020","2020","kcal/capita/day","62","E","Estimated value"
"FBS","Food Balances (2010-)","352","Iceland","664","Food supply (kcal/capita/day)","S2905","Cereals - Excluding Beer","2016","2016","kcal/capita/day","770","E","Estimated value"
"FBS","Food Balances (2010-)","352","Iceland","664","Food supply (kcal/capita/day)","S2905","Cereals - Excluding Beer","2017","2017","kcal/capita/day","772","E","Estimated value"
"FBS","Food Balances (2010-)","352","Iceland","664","Food supply (kcal/capita/day)","S2905","Cereals - Excluding Beer","2018","2018","kcal/capita/day","808","E","Estimated value"
"FBS","Food Balances (2010-)","352","Iceland","664","Food supply (kcal/capita/day)","S2905","Cereals - Excluding Beer","2019","2019","kcal/capita/day","776","E","Estimated value"
"FBS","Food Balances (2010-)","352","Iceland","664","Food supply (kcal/capita/day)","S2905","Cereals - Excluding Beer","2020","2020","kcal/capita/day","780","E","Estimated value"
"FBS","Food Balances (2010-)","352","Iceland","664","Food supply (kcal/capita/day)","S2908","Sugar Crops","2016","2016","kcal/capita/day","0","E","Estimated value"
"FBS","Food Balances (2010-)","352","Iceland","664","Food supply (kcal/capita/day)","S2908","Sugar Crops","2017","2017","kcal/capita/day","0","E","Estimated value"
"FBS","Food Balances (2010-)","352","Iceland","664","Food supply (kcal/capita/day)","S2908","Sugar Crops","2019","2019","kcal/capita/day","0","E","Estimated value"
"FBS","Food Balances (2010-)","352","Iceland","664","Food supply (kcal/capita/day)","S2908","Sugar Crops","2020","2020","kcal/capita/day","0","E","Estimated value"
"FBS","Food Balances (2010-)","352","Iceland","664","Food supply (kcal/capita/day)","S2909","Sugar & Sweeteners","2016","2016","kcal/capita/day","367","E","Estimated value"
"FBS","Food Balances (2010-)","352","Iceland","664","Food supply (kcal/capita/day)","S2909","Sugar & Sweeteners","2017","2017","kcal/capita/day","387","E","Estimated value"
"FBS","Food Balances (2010-)","352","Iceland","664","Food supply (kcal/capita/day)","S2909","Sugar & Sweeteners","2018","2018","kcal/capita/day","379","E","Estimated value"
"FBS","Food Balances (2010-)","352","Iceland","664","Food supply (kcal/capita/day)","S2909","Sugar & Sweeteners","2019","2019","kcal/capita/day","367","E","Estimated value"
"FBS","Food Balances (2010-)","352","Iceland","664","Food supply (kcal/capita/day)","S2909","Sugar & Sweeteners","2020","2020","kcal/capita/day","371","E","Estimated value"
"FBS","Food Balances (2010-)","352","Iceland","664","Food supply (kcal/capita/day)","S2918","Vegetables","2016","2016","kcal/capita/day","59","E","Estimated value"
"FBS","Food Balances (2010-)","352","Iceland","664","Food supply (kcal/capita/day)","S2918","Vegetables","2017","2017","kcal/capita/day","63","E","Estimated value"
"FBS","Food Balances (2010-)","352","Iceland","664","Food supply (kcal/capita/day)","S2918","Vegetables","2018","2018","kcal/capita/day","64","E","Estimated value"
"FBS","Food Balances (2010-)","352","Iceland","664","Food supply (kcal/capita/day)","S2918","Vegetables","2019","2019","kcal/capita/day","67","E","Estimated value"
"FBS","Food Balances (2010-)","352","Iceland","664","Food supply (kcal/capita/day)","S2918","Vegetables","2020","2020","kcal/capita/day","59","E","Estimated value"
"FBS","Food Balances (2010-)","352","Iceland","664","Food supply (kcal/capita/day)","S2919","Fruits - Excluding Wine","2016","2016","kcal/capita/day","154","E","Estimated value"
"FBS","Food Balances (2010-)","352","Iceland","664","Food supply (kcal/capita/day)","S2919","Fruits - Excluding Wine","2017","2017","kcal/capita/day","162","E","Estimated value"
"FBS","Food Balances (2010-)","352","Iceland","664","Food supply (kcal/capita/day)","S2919","Fruits - Excluding Wine","2018","2018","kcal/capita/day","154","E","Estimated value"
"FBS","Food Balances (2010-)","352","Iceland","664","Food supply (kcal/capita/day)","S2919","Fruits - Excluding Wine","2019","2019","kcal/capita/day","154","E","Estimated value"
"FBS","Food Balances (2010-)","352","Iceland","664","Food supply (kcal/capita/day)","S2919","Fruits - Excluding Wine","2020","2020","kcal/capita/day","142","E","Estimated value"
"FBS","Food Balances (2010-)","352","Iceland","664","Food supply (kcal/capita/day)","S2924","Alcoholic Beverages","2016","2016","kcal/capita/day","140","E","Estimated value"
"FBS","Food Balances (2010-)","352","Iceland","664","Food supply (kcal/capita/day)","S2924","Alcoholic Beverages","2017","2017","kcal/capita/day","148","E","Estimated value"
"FBS","Food Balances (2010-)","352","Iceland","664","Food supply (kcal/capita/day)","S2924","Alcoholic Beverages","2018","2018","kcal/capita/day","145","E","Estimated value"
"FBS","Food Balances (2010-)","352","Iceland","664","Food supply (kcal/capita/day)","S2924","Alcoholic Beverages","2019","2019","kcal/capita/day","143","E","Estimated value"
"FBS","Food Balances (2010-)","352","Iceland","664","Food supply (kcal/capita/day)","S2924","Alcoholic Beverages","2020","2020","kcal/capita/day","147","E","Estimated value"
"FBS","Food Balances (2010-)","352","Iceland","664","Food supply (kcal/capita/day)","S2943","Meat","2016","2016","kcal/capita/day","532","E","Estimated value"
"FBS","Food Balances (2010-)","352","Iceland","664","Food supply (kcal/capita/day)","S2943","Meat","2017","2017","kcal/capita/day","546","E","Estimated value"
"FBS","Food Balances (2010-)","352","Iceland","664","Food supply (kcal/capita/day)","S2943","Meat","2018","2018","kcal/capita/day","554","E","Estimated value"
"FBS","Food Balances (2010-)","352","Iceland","664","Food supply (kcal/capita/day)","S2943","Meat","2019","2019","kcal/capita/day","559","E","Estimated value"
"FBS","Food Balances (2010-)","352","Iceland","664","Food supply (kcal/capita/day)","S2943","Meat","2020","2020","kcal/capita/day","554","E","Estimated value"
"FBS","Food Balances (2010-)","352","Iceland","664","Food supply (kcal/capita/day)","S2949","Eggs","2016","2016","kcal/capita/day","40","E","Estimated value"
"FBS","Food Balances (2010-)","352","Iceland","664","Food supply (kcal/capita/day)","S2949","Eggs","2017","2017","kcal/capita/day","42","E","Estimated value"
"FBS","Food Balances (2010-)","352","Iceland","664","Food supply (kcal/capita/day)","S2949","Eggs","2018","2018","kcal/capita/day","46","E","Estimated value"
"FBS","Food Balances (2010-)","352","Iceland","664","Food supply (kcal/capita/day)","S2949","Eggs","2019","2019","kcal/capita/day","48","E","Estimated value"
"FBS","Food Balances (2010-)","352","Iceland","664","Food supply (kcal/capita/day)","S2949","Eggs","2020","2020","kcal/capita/day","40","E","Estimated value"
"FBS","Food Balances (2010-)","352","Iceland","664","Food supply (kcal/capita/day)","S2948","Milk - Excluding Butter","2016","2016","kcal/capita/day","640","E","Estimated value"
"FBS","Food Balances (2010-)","352","Iceland","664","Food supply (kcal/capita/day)","S2948","Milk - Excluding Butter","2017","2017","kcal/capita/day","646","E","Estimated value"
"FBS","Food Balances (2010-)","352","Iceland","664","Food supply (kcal/capita/day)","S2948","Milk - Excluding Butter","2018","2018","kcal/capita/day","625","E","Estimated value"
"FBS","Food Balances (2010-)","352","Iceland","664","Food supply (kcal/capita/day)","S2948","Milk - Excluding Butter","2019","2019","kcal/capita/day","640","E","Estimated value"
"FBS","Food Balances (2010-)","352","Iceland","664","Food supply (kcal/capita/day)","S2948","Milk - Excluding Butter","2020","2020","kcal/capita/day","623","E","Estimated value"
"FBS","Food Balances (2010-)","352","Iceland","664","Food supply (kcal/capita/day)","S2960","Fish, Seafood","2016","2016","kcal/capita/day","174","E","Estimated value"
"FBS","Food Balances (2010-)","352","Iceland","664","Food supply (kcal/capita/day)","S2960","Fish, Seafood","2017","2017","kcal/capita/day","191","E","Estimated value"
"FBS","Food Balances (2010-)","352","Iceland","664","Food supply (kcal/capita/day)","S2960","Fish, Seafood","2018","2018","kcal/capita/day","189","E","Estimated value"
"FBS","Food Balances (2010-)","352","Iceland","664","Food supply (kcal/capita/day)","S2960","Fish, Seafood","2019","2019","kcal/capita/day","188","E","Estimated value"
"FBS","Food Balances (2010-)","352","Iceland","664","Food supply (kcal/capita/day)","S2960","Fish, Seafood","2020","2020","kcal/capita/day","187","E","Estimated value"
"FBS","Food Balances (2010-)","372","Ireland","664","Food supply (kcal/capita/day)","S2905","Cereals - Excluding Beer","2016","2016","kcal/capita/day","1130","E","Estimated value"
"FBS","Food Balances (2010-)","372","Ireland","664","Food supply (kcal/capita/day)","S2905","Cereals - Excluding Beer","2017","2017","kcal/capita/day","1079","E","Estimated value"
"FBS","Food Balances (2010-)","372","Ireland","664","Food supply (kcal/capita/day)","S2905","Cereals - Excluding Beer","2018","2018","kcal/capita/day","1076","E","Estimated value"
"FBS","Food Balances (2010-)","372","Ireland","664","Food supply (kcal/capita/day)","S2905","Cereals - Excluding Beer","2019","2019","kcal/capita/day","1133","E","Estimated value"
"FBS","Food Balances (2010-)","372","Ireland","664","Food supply (kcal/capita/day)","S2905","Cereals - Excluding Beer","2020","2020","kcal/capita/day","977","E","Estimated value"
"FBS","Food Balances (2010-)","372","Ireland","664","Food supply (kcal/capita/day)","S2908","Sugar Crops","2019","2019","kcal/capita/day","0","E","Estimated value"
"FBS","Food Balances (2010-)","372","Ireland","664","Food supply (kcal/capita/day)","S2908","Sugar Crops","2020","2020","kcal/capita/day","0","E","Estimated value"
"FBS","Food Balances (2010-)","372","Ireland","664","Food supply (kcal/capita/day)","S2909","Sugar & Sweeteners","2016","2016","kcal/capita/day","490","E","Estimated value"
"FBS","Food Balances (2010-)","372","Ireland","664","Food supply (kcal/capita/day)","S2909","Sugar & Sweeteners","2017","2017","kcal/capita/day","449","E","Estimated value"
"FBS","Food Balances (2010-)","372","Ireland","664","Food supply (kcal/capita/day)","S2909","Sugar & Sweeteners","2018","2018","kcal/capita/day","467","E","Estimated value"
"FBS","Food Balances (2010-)","372","Ireland","664","Food supply (kcal/capita/day)","S2909","Sugar & Sweeteners","2019","2019","kcal/capita/day","428","E","Estimated value"
"FBS","Food Balances (2010-)","372","Ireland","664","Food supply (kcal/capita/day)","S2909","Sugar & Sweeteners","2020","2020","kcal/capita/day","427","E","Estimated value"
"FBS","Food Balances (2010-)","372","Ireland","664","Food supply (kcal/capita/day)","S2918","Vegetables","2016","2016","kcal/capita/day","90","E","Estimated value"
"FBS","Food Balances (2010-)","372","Ireland","664","Food supply (kcal/capita/day)","S2918","Vegetables","2017","2017","kcal/capita/day","84","E","Estimated value"
"FBS","Food Balances (2010-)","372","Ireland","664","Food supply (kcal/capita/day)","S2918","Vegetables","2018","2018","kcal/capita/day","80","E","Estimated value"
"FBS","Food Balances (2010-)","372","Ireland","664","Food supply (kcal/capita/day)","S2918","Vegetables","2019","2019","kcal/capita/day","78","E","Estimated value"
"FBS","Food Balances (2010-)","372","Ireland","664","Food supply (kcal/capita/day)","S2918","Vegetables","2020","2020","kcal/capita/day","77","E","Estimated value"
"FBS","Food Balances (2010-)","372","Ireland","664","Food supply (kcal/capita/day)","S2919","Fruits - Excluding Wine","2016","2016","kcal/capita/day","126","E","Estimated value"
"FBS","Food Balances (2010-)","372","Ireland","664","Food supply (kcal/capita/day)","S2919","Fruits - Excluding Wine","2017","2017","kcal/capita/day","140","E","Estimated value"
"FBS","Food Balances (2010-)","372","Ireland","664","Food supply (kcal/capita/day)","S2919","Fruits - Excluding Wine","2018","2018","kcal/capita/day","140","E","Estimated value"
"FBS","Food Balances (2010-)","372","Ireland","664","Food supply (kcal/capita/day)","S2919","Fruits - Excluding Wine","2019","2019","kcal/capita/day","132","E","Estimated value"
"FBS","Food Balances (2010-)","372","Ireland","664","Food supply (kcal/capita/day)","S2919","Fruits - Excluding Wine","2020","2020","kcal/capita/day","134","E","Estimated value"
"FBS","Food Balances (2010-)","372","Ireland","664","Food supply (kcal/capita/day)","S2924","Alcoholic Beverages","2016","2016","kcal/capita/day","227","E","Estimated value"
"FBS","Food Balances (2010-)","372","Ireland","664","Food supply (kcal/capita/day)","S2924","Alcoholic Beverages","2017","2017","kcal/capita/day","248","E","Estimated value"
"FBS","Food Balances (2010-)","372","Ireland","664","Food supply (kcal/capita/day)","S2924","Alcoholic Beverages","2018","2018","kcal/capita/day","270","E","Estimated value"
"FBS","Food Balances (2010-)","372","Ireland","664","Food supply (kcal/capita/day)","S2924","Alcoholic Beverages","2019","2019","kcal/capita/day","229","E","Estimated value"
"FBS","Food Balances (2010-)","372","Ireland","664","Food supply (kcal/capita/day)","S2924","Alcoholic Beverages","2020","2020","kcal/capita/day","240","E","Estimated value"
"FBS","Food Balances (2010-)","372","Ireland","664","Food supply (kcal/capita/day)","S2943","Meat","2016","2016","kcal/capita/day","390","E","Estimated value"
"FBS","Food Balances (2010-)","372","Ireland","664","Food supply (kcal/capita/day)","S2943","Meat","2017","2017","kcal/capita/day","378","E","Estimated value"
"FBS","Food Balances (2010-)","372","Ireland","664","Food supply (kcal/capita/day)","S2943","Meat","2018","2018","kcal/capita/day","412","E","Estimated value"
"FBS","Food Balances (2010-)","372","Ireland","664","Food supply (kcal/capita/day)","S2943","Meat","2019","2019","kcal/capita/day","408","E","Estimated value"
"FBS","Food Balances (2010-)","372","Ireland","664","Food supply (kcal/capita/day)","S2943","Meat","2020","2020","kcal/capita/day","390","E","Estimated value"
"FBS","Food Balances (2010-)","372","Ireland","664","Food supply (kcal/capita/day)","S2949","Eggs","2016","2016","kcal/capita/day","36","E","Estimated value"
"FBS","Food Balances (2010-)","372","Ireland","664","Food supply (kcal/capita/day)","S2949","Eggs","2017","2017","kcal/capita/day","38","E","Estimated value"
"FBS","Food Balances (2010-)","372","Ireland","664","Food supply (kcal/capita/day)","S2949","Eggs","2018","2018","kcal/capita/day","33","E","Estimated value"
"FBS","Food Balances (2010-)","372","Ireland","664","Food supply (kcal/capita/day)","S2949","Eggs","2019","2019","kcal/capita/day","36","E","Estimated value"
"FBS","Food Balances (2010-)","372","Ireland","664","Food supply (kcal/capita/day)","S2949","Eggs","2020","2020","kcal/capita/day","37","E","Estimated value"
"FBS","Food Balances (2010-)","372","Ireland","664","Food supply (kcal/capita/day)","S2948","Milk - Excluding Butter","2016","2016","kcal/capita/day","358","E","Estimated value"
"FBS","Food Balances (2010-)","372","Ireland","664","Food supply (kcal/capita/day)","S2948","Milk - Excluding Butter","2017","2017","kcal/capita/day","482","E","Estimated value"
"FBS","Food Balances (2010-)","372","Ireland","664","Food supply (kcal/capita/day)","S2948","Milk - Excluding Butter","2018","2018","kcal/capita/day","485","E","Estimated value"
"FBS","Food Balances (2010-)","372","Ireland","664","Food supply (kcal/capita/day)","S2948","Milk - Excluding Butter","2019","2019","kcal/capita/day","427","E","Estimated value"
"FBS","Food Balances (2010-)","372","Ireland","664","Food supply (kcal/capita/day)","S2948","Milk - Excluding Butter","2020","2020","kcal/capita/day","523","E","Estimated value"
"FBS","Food Balances (2010-)","372","Ireland","664","Food supply (kcal/capita/day)","S2960","Fish, Seafood","2016","2016","kcal/capita/day","50","E","Estimated value"
"FBS","Food Balances (2010-)","372","Ireland","664","Food supply (kcal/capita/day)","S2960","Fish, Seafood","2017","2017","kcal/capita/day","55","E","Estimated value"
"FBS","Food Balances (2010-)","372","Ireland","664","Food supply (kcal/capita/day)","S2960","Fish, Seafood","2018","2018","kcal/capita/day","54","E","Estimated value"
"FBS","Food Balances (2010-)","372","Ireland","664","Food supply (kcal/capita/day)","S2960","Fish, Seafood","2019","2019","kcal/capita/day","53","E","Estimated value"
"FBS","Food Balances (2010-)","372","Ireland","664","Food supply (kcal/capita/day)","S2960","Fish, Seafood","2020","2020","kcal/capita/day","53","E","Estimated value"
"FBS","Food Balances (2010-)","428","Latvia","664","Food supply (kcal/capita/day)","S2905","Cereals - Excluding Beer","2016","2016","kcal/capita/day","999","E","Estimated value"
"FBS","Food Balances (2010-)","428","Latvia","664","Food supply (kcal/capita/day)","S2905","Cereals - Excluding Beer","2017","2017","kcal/capita/day","931","E","Estimated value"
"FBS","Food Balances (2010-)","428","Latvia","664","Food supply (kcal/capita/day)","S2905","Cereals - Excluding Beer","2018","2018","kcal/capita/day","923","E","Estimated value"
"FBS","Food Balances (2010-)","428","Latvia","664","Food supply (kcal/capita/day)","S2905","Cereals - Excluding Beer","2019","2019","kcal/capita/day","921","E","Estimated value"
"FBS","Food Balances (2010-)","428","Latvia","664","Food supply (kcal/capita/day)","S2905","Cereals - Excluding Beer","2020","2020","kcal/capita/day","850","E","Estimated value"
"FBS","Food Balances (2010-)","428","Latvia","664","Food supply (kcal/capita/day)","S2909","Sugar & Sweeteners","2016","2016","kcal/capita/day","259","E","Estimated value"
"FBS","Food Balances (2010-)","428","Latvia","664","Food supply (kcal/capita/day)","S2909","Sugar & Sweeteners","2017","2017","kcal/capita/day","258","E","Estimated value"
"FBS","Food Balances (2010-)","428","Latvia","664","Food supply (kcal/capita/day)","S2909","Sugar & Sweeteners","2018","2018","kcal/capita/day","334","E","Estimated value"
"FBS","Food Balances (2010-)","428","Latvia","664","Food supply (kcal/capita/day)","S2909","Sugar & Sweeteners","2019","2019","kcal/capita/day","303","E","Estimated value"
"FBS","Food Balances (2010-)","428","Latvia","664","Food supply (kcal/capita/day)","S2909","Sugar & Sweeteners","2020","2020","kcal/capita/day","349","E","Estimated value"
"FBS","Food Balances (2010-)","428","Latvia","664","Food supply (kcal/capita/day)","S2918","Vegetables","2016","2016","kcal/capita/day","94","E","Estimated value"
"FBS","Food Balances (2010-)","428","Latvia","664","Food supply (kcal/capita/day)","S2918","Vegetables","2017","2017","kcal/capita/day","86","E","Estimated value"
"FBS","Food Balances (2010-)","428","Latvia","664","Food supply (kcal/capita/day)","S2918","Vegetables","2018","2018","kcal/capita/day","84","E","Estimated value"
"FBS","Food Balances (2010-)","428","Latvia","664","Food supply (kcal/capita/day)","S2918","Vegetables","2019","2019","kcal/capita/day","68","E","Estimated value"
"FBS","Food Balances (2010-)","428","Latvia","664","Food supply (kcal/capita/day)","S2918","Vegetables","2020","2020","kcal/capita/day","80","E","Estimated value"
"FBS","Food Balances (2010-)","428","Latvia","664","Food supply (kcal/capita/day)","S2919","Fruits - Excluding Wine","2016","2016","kcal/capita/day","66","E","Estimated value"
"FBS","Food Balances (2010-)","428","Latvia","664","Food supply (kcal/capita/day)","S2919","Fruits - Excluding Wine","2017","2017","kcal/capita/day","74","E","Estimated value"
"FBS","Food Balances (2010-)","428","Latvia","664","Food supply (kcal/capita/day)","S2919","Fruits - Excluding Wine","2018","2018","kcal/capita/day","70","E","Estimated value"
"FBS","Food Balances (2010-)","428","Latvia","664","Food supply (kcal/capita/day)","S2919","Fruits - Excluding Wine","2019","2019","kcal/capita/day","78","E","Estimated value"
"FBS","Food Balances (2010-)","428","Latvia","664","Food supply (kcal/capita/day)","S2919","Fruits - Excluding Wine","2020","2020","kcal/capita/day","79","E","Estimated value"
"FBS","Food Balances (2010-)","428","Latvia","664","Food supply (kcal/capita/day)","S2924","Alcoholic Beverages","2016","2016","kcal/capita/day","180","E","Estimated value"
"FBS","Food Balances (2010-)","428","Latvia","664","Food supply (kcal/capita/day)","S2924","Alcoholic Beverages","2017","2017","kcal/capita/day","194","E","Estimated value"
"FBS","Food Balances (2010-)","428","Latvia","664","Food supply (kcal/capita/day)","S2924","Alcoholic Beverages","2018","2018","kcal/capita/day","192","E","Estimated value"
"FBS","Food Balances (2010-)","428","Latvia","664","Food supply (kcal/capita/day)","S2924","Alcoholic Beverages","2019","2019","kcal/capita/day","173","E","Estimated value"
"FBS","Food Balances (2010-)","428","Latvia","664","Food supply (kcal/capita/day)","S2924","Alcoholic Beverages","2020","2020","kcal/capita/day","155","E","Estimated value"
"FBS","Food Balances (2010-)","428","Latvia","664","Food supply (kcal/capita/day)","S2943","Meat","2016","2016","kcal/capita/day","296","E","Estimated value"
"FBS","Food Balances (2010-)","428","Latvia","664","Food supply (kcal/capita/day)","S2943","Meat","2017","2017","kcal/capita/day","310","E","Estimated value"
"FBS","Food Balances (2010-)","428","Latvia","664","Food supply (kcal/capita/day)","S2943","Meat","2018","2018","kcal/capita/day","323","E","Estimated value"
"FBS","Food Balances (2010-)","428","Latvia","664","Food supply (kcal/capita/day)","S2943","Meat","2019","2019","kcal/capita/day","319","E","Estimated value"
"FBS","Food Balances (2010-)","428","Latvia","664","Food supply (kcal/capita/day)","S2943","Meat","2020","2020","kcal/capita/day","310","E","Estimated value"
"FBS","Food Balances (2010-)","428","Latvia","664","Food supply (kcal/capita/day)","S2949","Eggs","2016","2016","kcal/capita/day","43","E","Estimated value"
"FBS","Food Balances (2010-)","428","Latvia","664","Food supply (kcal/capita/day)","S2949","Eggs","2017","2017","kcal/capita/day","45","E","Estimated value"
"FBS","Food Balances (2010-)","428","Latvia","664","Food supply (kcal/capita/day)","S2949","Eggs","2018","2018","kcal/capita/day","49","E","Estimated value"
"FBS","Food Balances (2010-)","428","Latvia","664","Food supply (kcal/capita/day)","S2949","Eggs","2019","2019","kcal/capita/day","52","E","Estimated value"
"FBS","Food Balances (2010-)","428","Latvia","664","Food supply (kcal/capita/day)","S2949","Eggs","2020","2020","kcal/capita/day","51","E","Estimated value"
"FBS","Food Balances (2010-)","428","Latvia","664","Food supply (kcal/capita/day)","S2948","Milk - Excluding Butter","2016","2016","kcal/capita/day","364","E","Estimated value"
"FBS","Food Balances (2010-)","428","Latvia","664","Food supply (kcal/capita/day)","S2948","Milk - Excluding Butter","2017","2017","kcal/capita/day","353","E","Estimated value"
"FBS","Food Balances (2010-)","428","Latvia","664","Food supply (kcal/capita/day)","S2948","Milk - Excluding Butter","2018","2018","kcal/capita/day","298","E","Estimated value"
"FBS","Food Balances (2010-)","428","Latvia","664","Food supply (kcal/capita/day)","S2948","Milk - Excluding Butter","2019","2019","kcal/capita/day","335","E","Estimated value"
"FBS","Food Balances (2010-)","428","Latvia","664","Food supply (kcal/capita/day)","S2948","Milk - Excluding Butter","2020","2020","kcal/capita/day","342","E","Estimated value"
"FBS","Food Balances (2010-)","428","Latvia","664","Food supply (kcal/capita/day)","S2960","Fish, Seafood","2016","2016","kcal/capita/day","50","E","Estimated value"
"FBS","Food Balances (2010-)","428","Latvia","664","Food supply (kcal/capita/day)","S2960","Fish, Seafood","2017","2017","kcal/capita/day","54","E","Estimated value"
"FBS","Food Balances (2010-)","428","Latvia","664","Food supply (kcal/capita/day)","S2960","Fish, Seafood","2018","2018","kcal/capita/day","54","E","Estimated value"
"FBS","Food Balances (2010-)","428","Latvia","664","Food supply (kcal/capita/day)","S2960","Fish, Seafood","2019","2019","kcal/capita/day","55","E","Estimated value"
"FBS","Food Balances (2010-)","428","Latvia","664","Food supply (kcal/capita/day)","S2960","Fish, Seafood","2020","2020","kcal/capita/day","56","E","Estimated value"
"FBS","Food Balances (2010-)","440","Lithuania","664","Food supply (kcal/capita/day)","S2905","Cereals - Excluding Beer","2016","2016","kcal/capita/day","1181","E","Estimated value"
"FBS","Food Balances (2010-)","440","Lithuania","664","Food supply (kcal/capita/day)","S2905","Cereals - Excluding Beer","2017","2017","kcal/capita/day","1177","E","Estimated value"
"FBS","Food Balances (2010-)","440","Lithuania","664","Food supply (kcal/capita/day)","S2905","Cereals - Excluding Beer","2018","2018","kcal/capita/day","1159","E","Estimated value"
"FBS","Food Balances (2010-)","440","Lithuania","664","Food supply (kcal/capita/day)","S2905","Cereals - Excluding Beer","2019","2019","kcal/capita/day","1130","E","Estimated value"
"FBS","Food Balances (2010-)","440","Lithuania","664","Food supply (kcal/capita/day)","S2905","Cereals - Excluding Beer","2020","2020","kcal/capita/day","1110","E","Estimated value"
"FBS","Food Balances (2010-)","440","Lithuania","664","Food supply (kcal/capita/day)","S2909","Sugar & Sweeteners","2016","2016","kcal/capita/day","396","E","Estimated value"
"FBS","Food Balances (2010-)","440","Lithuania","664","Food supply (kcal/capita/day)","S2909","Sugar & Sweeteners","2017","2017","kcal/capita/day","387","E","Estimated value"
"FBS","Food Balances (2010-)","440","Lithuania","664","Food supply (kcal/capita/day)","S2909","Sugar & Sweeteners","2018","2018","kcal/capita/day","395","E","Estimated value"
"FBS","Food Balances (2010-)","440","Lithuania","664","Food supply (kcal/capita/day)","S2909","Sugar & Sweeteners","2019","2019","kcal/capita/day","384","E","Estimated value"
"FBS","Food Balances (2010-)","440","Lithuania","664","Food supply (kcal/capita/day)","S2909","Sugar & Sweeteners","2020","2020","kcal/capita/day","376","E","Estimated value"
"FBS","Food Balances (2010-)","440","Lithuania","664","Food supply (kcal/capita/day)","S2918","Vegetables","2016","2016","kcal/capita/day","74","E","Estimated value"
"FBS","Food Balances (2010-)","440","Lithuania","664","Food supply (kcal/capita/day)","S2918","Vegetables","2017","2017","kcal/capita/day","69","E","Estimated value"
"FBS","Food Balances (2010-)","440","Lithuania","664","Food supply (kcal/capita/day)","S2918","Vegetables","2018","2018","kcal/capita/day","75","E","Estimated value"
"FBS","Food Balances (2010-)","440","Lithuania","664","Food supply (kcal/capita/day)","S2918","Vegetables","2019","2019","kcal/capita/day","69","E","Estimated value"
"FBS","Food Balances (2010-)","440","Lithuania","664","Food supply (kcal/capita/day)","S2918","Vegetables","2020","2020","kcal/capita/day","64","E","Estimated value"
"FBS","Food Balances (2010-)","440","Lithuania","664","Food supply (kcal/capita/day)","S2919","Fruits - Excluding Wine","2016","2016","kcal/capita/day","79","E","Estimated value"
"FBS","Food Balances (2010-)","440","Lithuania","664","Food supply (kcal/capita/day)","S2919","Fruits - Excluding Wine","2017","2017","kcal/capita/day","71","E","Estimated value"
"FBS","Food Balances (2010-)","440","Lithuania","664","Food supply (kcal/capita/day)","S2919","Fruits - Excluding Wine","2018","2018","kcal/capita/day","83","E","Estimated value"
"FBS","Food Balances (2010-)","440","Lithuania","664","Food supply (kcal/capita/day)","S2919","Fruits - Excluding Wine","2019","2019","kcal/capita/day","68","E","Estimated value"
"FBS","Food Balances (2010-)","440","Lithuania","664","Food supply (kcal/capita/day)","S2919","Fruits - Excluding Wine","2020","2020","kcal/capita/day","77","E","Estimated value"
"FBS","Food Balances (2010-)","440","Lithuania","664","Food supply (kcal/capita/day)","S2924","Alcoholic Beverages","2016","2016","kcal/capita/day","231","E","Estimated value"
"FBS","Food Balances (2010-)","440","Lithuania","664","Food supply (kcal/capita/day)","S2924","Alcoholic Beverages","2017","2017","kcal/capita/day","232","E","Estimated value"
"FBS","Food Balances (2010-)","440","Lithuania","664","Food supply (kcal/capita/day)","S2924","Alcoholic Beverages","2018","2018","kcal/capita/day","219","E","Estimated value"
"FBS","Food Balances (2010-)","440","Lithuania","664","Food supply (kcal/capita/day)","S2924","Alcoholic Beverages","2019","2019","kcal/capita/day","200","E","Estimated value"
"FBS","Food Balances (2010-)","440","Lithuania","664","Food supply (kcal/capita/day)","S2924","Alcoholic Beverages","2020","2020","kcal/capita/day","200","E","Estimated value"
"FBS","Food Balances (2010-)","440","Lithuania","664","Food supply (kcal/capita/day)","S2943","Meat","2016","2016","kcal/capita/day","381","E","Estimated value"
"FBS","Food Balances (2010-)","440","Lithuania","664","Food supply (kcal/capita/day)","S2943","Meat","2017","2017","kcal/capita/day","394","E","Estimated value"
"FBS","Food Balances (2010-)","440","Lithuania","664","Food supply (kcal/capita/day)","S2943","Meat","2018","2018","kcal/capita/day","404","E","Estimated value"
"FBS","Food Balances (2010-)","440","Lithuania","664","Food supply (kcal/capita/day)","S2943","Meat","2019","2019","kcal/capita/day","407","E","Estimated value"
"FBS","Food Balances (2010-)","440","Lithuania","664","Food supply (kcal/capita/day)","S2943","Meat","2020","2020","kcal/capita/day","435","E","Estimated value"
"FBS","Food Balances (2010-)","440","Lithuania","664","Food supply (kcal/capita/day)","S2949","Eggs","2016","2016","kcal/capita/day","61","E","Estimated value"
"FBS","Food Balances (2010-)","440","Lithuania","664","Food supply (kcal/capita/day)","S2949","Eggs","2017","2017","kcal/capita/day","57","E","Estimated value"
"FBS","Food Balances (2010-)","440","Lithuania","664","Food supply (kcal/capita/day)","S2949","Eggs","2018","2018","kcal/capita/day","59","E","Estimated value"
"FBS","Food Balances (2010-)","440","Lithuania","664","Food supply (kcal/capita/day)","S2949","Eggs","2019","2019","kcal/capita/day","50","E","Estimated value"
"FBS","Food Balances (2010-)","440","Lithuania","664","Food supply (kcal/capita/day)","S2949","Eggs","2020","2020","kcal/capita/day","47","E","Estimated value"
"FBS","Food Balances (2010-)","440","Lithuania","664","Food supply (kcal/capita/day)","S2948","Milk - Excluding Butter","2016","2016","kcal/capita/day","313","E","Estimated value"
"FBS","Food Balances (2010-)","440","Lithuania","664","Food supply (kcal/capita/day)","S2948","Milk - Excluding Butter","2017","2017","kcal/capita/day","319","E","Estimated value"
"FBS","Food Balances (2010-)","440","Lithuania","664","Food supply (kcal/capita/day)","S2948","Milk - Excluding Butter","2018","2018","kcal/capita/day","308","E","Estimated value"
"FBS","Food Balances (2010-)","440","Lithuania","664","Food supply (kcal/capita/day)","S2948","Milk - Excluding Butter","2019","2019","kcal/capita/day","458","E","Estimated value"
"FBS","Food Balances (2010-)","440","Lithuania","664","Food supply (kcal/capita/day)","S2948","Milk - Excluding Butter","2020","2020","kcal/capita/day","499","E","Estimated value"
"FBS","Food Balances (2010-)","440","Lithuania","664","Food supply (kcal/capita/day)","S2960","Fish, Seafood","2016","2016","kcal/capita/day","60","E","Estimated value"
"FBS","Food Balances (2010-)","440","Lithuania","664","Food supply (kcal/capita/day)","S2960","Fish, Seafood","2017","2017","kcal/capita/day","65","E","Estimated value"
"FBS","Food Balances (2010-)","440","Lithuania","664","Food supply (kcal/capita/day)","S2960","Fish, Seafood","2018","2018","kcal/capita/day","66","E","Estimated value"
"FBS","Food Balances (2010-)","440","Lithuania","664","Food supply (kcal/capita/day)","S2960","Fish, Seafood","2019","2019","kcal/capita/day","67","E","Estimated value"
"FBS","Food Balances (2010-)","440","Lithuania","664","Food supply (kcal/capita/day)","S2960","Fish, Seafood","2020","2020","kcal/capita/day","68","E","Estimated value"
"FBS","Food Balances (2010-)","578","Norway","664","Food supply (kcal/capita/day)","S2905","Cereals - Excluding Beer","2016","2016","kcal/capita/day","990","E","Estimated value"
"FBS","Food Balances (2010-)","578","Norway","664","Food supply (kcal/capita/day)","S2905","Cereals - Excluding Beer","2017","2017","kcal/capita/day","977","E","Estimated value"
"FBS","Food Balances (2010-)","578","Norway","664","Food supply (kcal/capita/day)","S2905","Cereals - Excluding Beer","2018","2018","kcal/capita/day","1020","E","Estimated value"
"FBS","Food Balances (2010-)","578","Norway","664","Food supply (kcal/capita/day)","S2905","Cereals - Excluding Beer","2019","2019","kcal/capita/day","1043","E","Estimated value"
"FBS","Food Balances (2010-)","578","Norway","664","Food supply (kcal/capita/day)","S2905","Cereals - Excluding Beer","2020","2020","kcal/capita/day","999","E","Estimated value"
"FBS","Food Balances (2010-)","578","Norway","664","Food supply (kcal/capita/day)","S2908","Sugar Crops","2016","2016","kcal/capita/day","0","E","Estimated value"
"FBS","Food Balances (2010-)","578","Norway","664","Food supply (kcal/capita/day)","S2908","Sugar Crops","2017","2017","kcal/capita/day","0","E","Estimated value"
"FBS","Food Balances (2010-)","578","Norway","664","Food supply (kcal/capita/day)","S2908","Sugar Crops","2018","2018","kcal/capita/day","0","E","Estimated value"
"FBS","Food Balances (2010-)","578","Norway","664","Food supply (kcal/capita/day)","S2908","Sugar Crops","2019","2019","kcal/capita/day","0","E","Estimated value"
"FBS","Food Balances (2010-)","578","Norway","664","Food supply (kcal/capita/day)","S2908","Sugar Crops","2020","2020","kcal/capita/day","0","E","Estimated value"
"FBS","Food Balances (2010-)","578","Norway","664","Food supply (kcal/capita/day)","S2909","Sugar & Sweeteners","2016","2016","kcal/capita/day","292","E","Estimated value"
"FBS","Food Balances (2010-)","578","Norway","664","Food supply (kcal/capita/day)","S2909","Sugar & Sweeteners","2017","2017","kcal/capita/day","288","E","Estimated value"
"FBS","Food Balances (2010-)","578","Norway","664","Food supply (kcal/capita/day)","S2909","Sugar & Sweeteners","2018","2018","kcal/capita/day","285","E","Estimated value"
"FBS","Food Balances (2010-)","578","Norway","664","Food supply (kcal/capita/day)","S2909","Sugar & Sweeteners","2019","2019","kcal/capita/day","283","E","Estimated value"
"FBS","Food Balances (2010-)","578","Norway","664","Food supply (kcal/capita/day)","S2909","Sugar & Sweeteners","2020","2020","kcal/capita/day","290","E","Estimated value"
"FBS","Food Balances (2010-)","578","Norway","664","Food supply (kcal/capita/day)","S2918","Vegetables","2016","2016","kcal/capita/day","60","E","Estimated value"
"FBS","Food Balances (2010-)","578","Norway","664","Food supply (kcal/capita/day)","S2918","Vegetables","2017","2017","kcal/capita/day","57","E","Estimated value"
"FBS","Food Balances (2010-)","578","Norway","664","Food supply (kcal/capita/day)","S2918","Vegetables","2018","2018","kcal/capita/day","57","E","Estimated value"
"FBS","Food Balances (2010-)","578","Norway","664","Food supply (kcal/capita/day)","S2918","Vegetables","2019","2019","kcal/capita/day","60","E","Estimated value"
"FBS","Food Balances (2010-)","578","Norway","664","Food supply (kcal/capita/day)","S2918","Vegetables","2020","2020","kcal/capita/day","61","E","Estimated value"
"FBS","Food Balances (2010-)","578","Norway","664","Food supply (kcal/capita/day)","S2919","Fruits - Excluding Wine","2016","2016","kcal/capita/day","126","E","Estimated value"
"FBS","Food Balances (2010-)","578","Norway","664","Food supply (kcal/capita/day)","S2919","Fruits - Excluding Wine","2017","2017","kcal/capita/day","127","E","Estimated value"
"FBS","Food Balances (2010-)","578","Norway","664","Food supply (kcal/capita/day)","S2919","Fruits - Excluding Wine","2018","2018","kcal/capita/day","124","E","Estimated value"
"FBS","Food Balances (2010-)","578","Norway","664","Food supply (kcal/capita/day)","S2919","Fruits - Excluding Wine","2019","2019","kcal/capita/day","122","E","Estimated value"
"FBS","Food Balances (2010-)","578","Norway","664","Food supply (kcal/capita/day)","S2919","Fruits - Excluding Wine","2020","2020","kcal/capita/day","119","E","Estimated value"
"FBS","Food Balances (2010-)","578","Norway","664","Food supply (kcal/capita/day)","S2924","Alcoholic Beverages","2016","2016","kcal/capita/day","119","E","Estimated value"
"FBS","Food Balances (2010-)","578","Norway","664","Food supply (kcal/capita/day)","S2924","Alcoholic Beverages","2017","2017","kcal/capita/day","116","E","Estimated value"
"FBS","Food Balances (2010-)","578","Norway","664","Food supply (kcal/capita/day)","S2924","Alcoholic Beverages","2018","2018","kcal/capita/day","117","E","Estimated value"
"FBS","Food Balances (2010-)","578","Norway","664","Food supply (kcal/capita/day)","S2924","Alcoholic Beverages","2019","2019","kcal/capita/day","111","E","Estimated value"
"FBS","Food Balances (2010-)","578","Norway","664","Food supply (kcal/capita/day)","S2924","Alcoholic Beverages","2020","2020","kcal/capita/day","120","E","Estimated value"
"FBS","Food Balances (2010-)","578","Norway","664","Food supply (kcal/capita/day)","S2943","Meat","2016","2016","kcal/capita/day","390","E","Estimated value"
"FBS","Food Balances (2010-)","578","Norway","664","Food supply (kcal/capita/day)","S2943","Meat","2017","2017","kcal/capita/day","386","E","Estimated value"
"FBS","Food Balances (2010-)","578","Norway","664","Food supply (kcal/capita/day)","S2943","Meat","2018","2018","kcal/capita/day","415","E","Estimated value"
"FBS","Food Balances (2010-)","578","Norway","664","Food supply (kcal/capita/day)","S2943","Meat","2019","2019","kcal/capita/day","397","E","Estimated value"
"FBS","Food Balances (2010-)","578","Norway","664","Food supply (kcal/capita/day)","S2943","Meat","2020","2020","kcal/capita/day","386","E","Estimated value"
"FBS","Food Balances (2010-)","578","Norway","664","Food supply (kcal/capita/day)","S2949","Eggs","2016","2016","kcal/capita/day","46","E","Estimated value"
"FBS","Food Balances (2010-)","578","Norway","664","Food supply (kcal/capita/day)","S2949","Eggs","2017","2017","kcal/capita/day","46","E","Estimated value"
"FBS","Food Balances (2010-)","578","Norway","664","Food supply (kcal/capita/day)","S2949","Eggs","2018","2018","kcal/capita/day","46","E","Estimated value"
"FBS","Food Balances (2010-)","578","Norway","664","Food supply (kcal/capita/day)","S2949","Eggs","2019","2019","kcal/capita/day","48","E","Estimated value"
"FBS","Food Balances (2010-)","578","Norway","664","Food supply (kcal/capita/day)","S2949","Eggs","2020","2020","kcal/capita/day","47","E","Estimated value"
"FBS","Food Balances (2010-)","578","Norway","664","Food supply (kcal/capita/day)","S2948","Milk - Excluding Butter","2016","2016","kcal/capita/day","362","E","Estimated value"
"FBS","Food Balances (2010-)","578","Norway","664","Food supply (kcal/capita/day)","S2948","Milk - Excluding Butter","2017","2017","kcal/capita/day","382","E","Estimated value"
"FBS","Food Balances (2010-)","578","Norway","664","Food supply (kcal/capita/day)","S2948","Milk - Excluding Butter","2018","2018","kcal/capita/day","326","E","Estimated value"
"FBS","Food Balances (2010-)","578","Norway","664","Food supply (kcal/capita/day)","S2948","Milk - Excluding Butter","2019","2019","kcal/capita/day","304","E","Estimated value"
"FBS","Food Balances (2010-)","578","Norway","664","Food supply (kcal/capita/day)","S2948","Milk - Excluding Butter","2020","2020","kcal/capita/day","326","E","Estimated value"
"FBS","Food Balances (2010-)","578","Norway","664","Food supply (kcal/capita/day)","S2960","Fish, Seafood","2016","2016","kcal/capita/day","109","E","Estimated value"
"FBS","Food Balances (2010-)","578","Norway","664","Food supply (kcal/capita/day)","S2960","Fish, Seafood","2017","2017","kcal/capita/day","105","E","Estimated value"
"FBS","Food Balances (2010-)","578","Norway","664","Food supply (kcal/capita/day)","S2960","Fish, Seafood","2018","2018","kcal/capita/day","105","E","Estimated value"
"FBS","Food Balances (2010-)","578","Norway","664","Food supply (kcal/capita/day)","S2960","Fish, Seafood","2019","2019","kcal/capita/day","104","E","Estimated value"
"FBS","Food Balances (2010-)","578","Norway","664","Food supply (kcal/capita/day)","S2960","Fish, Seafood","2020","2020","kcal/capita/day","103","E","Estimated value"
"FBS","Food Balances (2010-)","752","Sweden","664","Food supply (kcal/capita/day)","S2905","Cereals - Excluding Beer","2016","2016","kcal/capita/day","791","E","Estimated value"
"FBS","Food Balances (2010-)","752","Sweden","664","Food supply (kcal/capita/day)","S2905","Cereals - Excluding Beer","2017","2017","kcal/capita/day","838","E","Estimated value"
"FBS","Food Balances (2010-)","752","Sweden","664","Food supply (kcal/capita/day)","S2905","Cereals - Excluding Beer","2018","2018","kcal/capita/day","854","E","Estimated value"
"FBS","Food Balances (2010-)","752","Sweden","664","Food supply (kcal/capita/day)","S2905","Cereals - Excluding Beer","2019","2019","kcal/capita/day","907","E","Estimated value"
"FBS","Food Balances (2010-)","752","Sweden","664","Food supply (kcal/capita/day)","S2905","Cereals - Excluding Beer","2020","2020","kcal/capita/day","875","E","Estimated value"
"FBS","Food Balances (2010-)","752","Sweden","664","Food supply (kcal/capita/day)","S2908","Sugar Crops","2016","2016","kcal/capita/day","0","E","Estimated value"
"FBS","Food Balances (2010-)","752","Sweden","664","Food supply (kcal/capita/day)","S2908","Sugar Crops","2017","2017","kcal/capita/day","0","E","Estimated value"
"FBS","Food Balances (2010-)","752","Sweden","664","Food supply (kcal/capita/day)","S2908","Sugar Crops","2018","2018","kcal/capita/day","0","E","Estimated value"
"FBS","Food Balances (2010-)","752","Sweden","664","Food supply (kcal/capita/day)","S2908","Sugar Crops","2019","2019","kcal/capita/day","0","E","Estimated value"
"FBS","Food Balances (2010-)","752","Sweden","664","Food supply (kcal/capita/day)","S2908","Sugar Crops","2020","2020","kcal/capita/day","0","E","Estimated value"
"FBS","Food Balances (2010-)","752","Sweden","664","Food supply (kcal/capita/day)","S2909","Sugar & Sweeteners","2016","2016","kcal/capita/day","352","E","Estimated value"
"FBS","Food Balances (2010-)","752","Sweden","664","Food supply (kcal/capita/day)","S2909","Sugar & Sweeteners","2017","2017","kcal/capita/day","351","E","Estimated value"
"FBS","Food Balances (2010-)","752","Sweden","664","Food supply (kcal/capita/day)","S2909","Sugar & Sweeteners","2018","2018","kcal/capita/day","359","E","Estimated value"
"FBS","Food Balances (2010-)","752","Sweden","664","Food supply (kcal/capita/day)","S2909","Sugar & Sweeteners","2019","2019","kcal/capita/day","349","E","Estimated value"
"FBS","Food Balances (2010-)","752","Sweden","664","Food supply (kcal/capita/day)","S2909","Sugar & Sweeteners","2020","2020","kcal/capita/day","339","E","Estimated value"
"FBS","Food Balances (2010-)","752","Sweden","664","Food supply (kcal/capita/day)","S2918","Vegetables","2016","2016","kcal/capita/day","72","E","Estimated value"
"FBS","Food Balances (2010-)","752","Sweden","664","Food supply (kcal/capita/day)","S2918","Vegetables","2017","2017","kcal/capita/day","69","E","Estimated value"
"FBS","Food Balances (2010-)","752","Sweden","664","Food supply (kcal/capita/day)","S2918","Vegetables","2018","2018","kcal/capita/day","67","E","Estimated value"
"FBS","Food Balances (2010-)","752","Sweden","664","Food supply (kcal/capita/day)","S2918","Vegetables","2019","2019","kcal/capita/day","71","E","Estimated value"
"FBS","Food Balances (2010-)","752","Sweden","664","Food supply (kcal/capita/day)","S2918","Vegetables","2020","2020","kcal/capita/day","72","E","Estimated value"
"FBS","Food Balances (2010-)","752","Sweden","664","Food supply (kcal/capita/day)","S2919","Fruits - Excluding Wine","2016","2016","kcal/capita/day","102","E","Estimated value"
"FBS","Food Balances (2010-)","752","Sweden","664","Food supply (kcal/capita/day)","S2919","Fruits - Excluding Wine","2017","2017","kcal/capita/day","98","E","Estimated value"
"FBS","Food Balances (2010-)","752","Sweden","664","Food supply (kcal/capita/day)","S2919","Fruits - Excluding Wine","2018","2018","kcal/capita/day","95","E","Estimated value"
"FBS","Food Balances (2010-)","752","Sweden","664","Food supply (kcal/capita/day)","S2919","Fruits - Excluding Wine","2019","2019","kcal/capita/day","93","E","Estimated value"
"FBS","Food Balances (2010-)","752","Sweden","664","Food supply (kcal/capita/day)","S2919","Fruits - Excluding Wine","2020","2020","kcal/capita/day","93","E","Estimated value"
"FBS","Food Balances (2010-)","752","Sweden","664","Food supply (kcal/capita/day)","S2924","Alcoholic Beverages","2016","2016","kcal/capita/day","147","E","Estimated value"
"FBS","Food Balances (2010-)","752","Sweden","664","Food supply (kcal/capita/day)","S2924","Alcoholic Beverages","2017","2017","kcal/capita/day","148","E","Estimated value"
"FBS","Food Balances (2010-)","752","Sweden","664","Food supply (kcal/capita/day)","S2924","Alcoholic Beverages","2018","2018","kcal/capita/day","145","E","Estimated value"
"FBS","Food Balances (2010-)","752","Sweden","664","Food supply (kcal/capita/day)","S2924","Alcoholic Beverages","2019","2019","kcal/capita/day","146","E","Estimated value"
"FBS","Food Balances (2010-)","752","Sweden","664","Food supply (kcal/capita/day)","S2924","Alcoholic Beverages","2020","2020","kcal/capita/day","161","E","Estimated value"
"FBS","Food Balances (2010-)","752","Sweden","664","Food supply (kcal/capita/day)","S2943","Meat","2016","2016","kcal/capita/day","330","E","Estimated value"
"FBS","Food Balances (2010-)","752","Sweden","664","Food supply (kcal/capita/day)","S2943","Meat","2017","2017","kcal/capita/day","327","E","Estimated value"
"FBS","Food Balances (2010-)","752","Sweden","664","Food supply (kcal/capita/day)","S2943","Meat","2018","2018","kcal/capita/day","314","E","Estimated value"
"FBS","Food Balances (2010-)","752","Sweden","664","Food supply (kcal/capita/day)","S2943","Meat","2019","2019","kcal/capita/day","315","E","Estimated value"
"FBS","Food Balances (2010-)","752","Sweden","664","Food supply (kcal/capita/day)","S2943","Meat","2020","2020","kcal/capita/day","300","E","Estimated value"
"FBS","Food Balances (2010-)","752","Sweden","664","Food supply (kcal/capita/day)","S2949","Eggs","2016","2016","kcal/capita/day","55","E","Estimated value"
"FBS","Food Balances (2010-)","752","Sweden","664","Food supply (kcal/capita/day)","S2949","Eggs","2017","2017","kcal/capita/day","55","E","Estimated value"
"FBS","Food Balances (2010-)","752","Sweden","664","Food supply (kcal/capita/day)","S2949","Eggs","2018","2018","kcal/capita/day","56","E","Estimated value"
"FBS","Food Balances (2010-)","752","Sweden","664","Food supply (kcal/capita/day)","S2949","Eggs","2019","2019","kcal/capita/day","57","E","Estimated value"
"FBS","Food Balances (2010-)","752","Sweden","664","Food supply (kcal/capita/day)","S2949","Eggs","2020","2020","kcal/capita/day","53","E","Estimated value"
"FBS","Food Balances (2010-)","752","Sweden","664","Food supply (kcal/capita/day)","S2948","Milk - Excluding Butter","2016","2016","kcal/capita/day","406","E","Estimated value"
"FBS","Food Balances (2010-)","752","Sweden","664","Food supply (kcal/capita/day)","S2948","Milk - Excluding Butter","2017","2017","kcal/capita/day","397","E","Estimated value"
"FBS","Food Balances (2010-)","752","Sweden","664","Food supply (kcal/capita/day)","S2948","Milk - Excluding Butter","2018","2018","kcal/capita/day","390","E","Estimated value"
"FBS","Food Balances (2010-)","752","Sweden","664","Food supply (kcal/capita/day)","S2948","Milk - Excluding Butter","2019","2019","kcal/capita/day","414","E","Estimated value"
"FBS","Food Balances (2010-)","752","Sweden","664","Food supply (kcal/capita/day)","S2948","Milk - Excluding Butter","2020","2020","kcal/capita/day","441","E","Estimated value"
"FBS","Food Balances (2010-)","752","Sweden","664","Food supply (kcal/capita/day)","S2960","Fish, Seafood","2016","2016","kcal/capita/day","57","E","Estimated value"
"FBS","Food Balances (2010-)","752","Sweden","664","Food supply (kcal/capita/day)","S2960","Fish, Seafood","2017","2017","kcal/capita/day","59","E","Estimated value"
"FBS","Food Balances (2010-)","752","Sweden","664","Food supply (kcal/capita/day)","S2960","Fish, Seafood","2018","2018","kcal/capita/day","59","E","Estimated value"
"FBS","Food Balances (2010-)","752","Sweden","664","Food supply (kcal/capita/day)","S2960","Fish, Seafood","2019","2019","kcal/capita/day","59","E","Estimated value"
"FBS","Food Balances (2010-)","752","Sweden","664","Food supply (kcal/capita/day)","S2960","Fish, Seafood","2020","2020","kcal/capita/day","58","E","Estimated value"
"FBS","Food Balances (2010-)","826","United Kingdom of Great Britain and Northern Ireland","664","Food supply (kcal/capita/day)","S2905","Cereals - Excluding Beer","2016","2016","kcal/capita/day","951","E","Estimated value"
"FBS","Food Balances (2010-)","826","United Kingdom of Great Britain and Northern Ireland","664","Food supply (kcal/capita/day)","S2905","Cereals - Excluding Beer","2017","2017","kcal/capita/day","950","E","Estimated value"
"FBS","Food Balances (2010-)","826","United Kingdom of Great Britain and Northern Ireland","664","Food supply (kcal/capita/day)","S2905","Cereals - Excluding Beer","2018","2018","kcal/capita/day","979","E","Estimated value"
"FBS","Food Balances (2010-)","826","United Kingdom of Great Britain and Northern Ireland","664","Food supply (kcal/capita/day)","S2905","Cereals - Excluding Beer","2019","2019","kcal/capita/day","985","E","Estimated value"
"FBS","Food Balances (2010-)","826","United Kingdom of Great Britain and Northern Ireland","664","Food supply (kcal/capita/day)","S2905","Cereals - Excluding Beer","2020","2020","kcal/capita/day","1011","E","Estimated value"
"FBS","Food Balances (2010-)","826","United Kingdom of Great Britain and Northern Ireland","664","Food supply (kcal/capita/day)","S2909","Sugar & Sweeteners","2016","2016","kcal/capita/day","335","E","Estimated value"
"FBS","Food Balances (2010-)","826","United Kingdom of Great Britain and Northern Ireland","664","Food supply (kcal/capita/day)","S2909","Sugar & Sweeteners","2017","2017","kcal/capita/day","338","E","Estimated value"
"FBS","Food Balances (2010-)","826","United Kingdom of Great Britain and Northern Ireland","664","Food supply (kcal/capita/day)","S2909","Sugar & Sweeteners","2018","2018","kcal/capita/day","308","E","Estimated value"
"FBS","Food Balances (2010-)","826","United Kingdom of Great Britain and Northern Ireland","664","Food supply (kcal/capita/day)","S2909","Sugar & Sweeteners","2019","2019","kcal/capita/day","318","E","Estimated value"
"FBS","Food Balances (2010-)","826","United Kingdom of Great Britain and Northern Ireland","664","Food supply (kcal/capita/day)","S2909","Sugar & Sweeteners","2020","2020","kcal/capita/day","257","E","Estimated value"
"FBS","Food Balances (2010-)","826","United Kingdom of Great Britain and Northern Ireland","664","Food supply (kcal/capita/day)","S2918","Vegetables","2016","2016","kcal/capita/day","68","E","Estimated value"
"FBS","Food Balances (2010-)","826","United Kingdom of Great Britain and Northern Ireland","664","Food supply (kcal/capita/day)","S2918","Vegetables","2017","2017","kcal/capita/day","68","E","Estimated value"
"FBS","Food Balances (2010-)","826","United Kingdom of Great Britain and Northern Ireland","664","Food supply (kcal/capita/day)","S2918","Vegetables","2018","2018","kcal/capita/day","64","E","Estimated value"
"FBS","Food Balances (2010-)","826","United Kingdom of Great Britain and Northern Ireland","664","Food supply (kcal/capita/day)","S2918","Vegetables","2019","2019","kcal/capita/day","69","E","Estimated value"
"FBS","Food Balances (2010-)","826","United Kingdom of Great Britain and Northern Ireland","664","Food supply (kcal/capita/day)","S2918","Vegetables","2020","2020","kcal/capita/day","74","E","Estimated value"
"FBS","Food Balances (2010-)","826","United Kingdom of Great Britain and Northern Ireland","664","Food supply (kcal/capita/day)","S2919","Fruits - Excluding Wine","2016","2016","kcal/capita/day","126","E","Estimated value"
"FBS","Food Balances (2010-)","826","United Kingdom of Great Britain and Northern Ireland","664","Food supply (kcal/capita/day)","S2919","Fruits - Excluding Wine","2017","2017","kcal/capita/day","123","E","Estimated value"
"FBS","Food Balances (2010-)","826","United Kingdom of Great Britain and Northern Ireland","664","Food supply (kcal/capita/day)","S2919","Fruits - Excluding Wine","2018","2018","kcal/capita/day","122","E","Estimated value"
"FBS","Food Balances (2010-)","826","United Kingdom of Great Britain and Northern Ireland","664","Food supply (kcal/capita/day)","S2919","Fruits - Excluding Wine","2019","2019","kcal/capita/day","127","E","Estimated value"
"FBS","Food Balances (2010-)","826","United Kingdom of Great Britain and Northern Ireland","664","Food supply (kcal/capita/day)","S2919","Fruits - Excluding Wine","2020","2020","kcal/capita/day","132","E","Estimated value"
"FBS","Food Balances (2010-)","826","United Kingdom of Great Britain and Northern Ireland","664","Food supply (kcal/capita/day)","S2924","Alcoholic Beverages","2016","2016","kcal/capita/day","151","E","Estimated value"
"FBS","Food Balances (2010-)","826","United Kingdom of Great Britain and Northern Ireland","664","Food supply (kcal/capita/day)","S2924","Alcoholic Beverages","2017","2017","kcal/capita/day","143","E","Estimated value"
"FBS","Food Balances (2010-)","826","United Kingdom of Great Britain and Northern Ireland","664","Food supply (kcal/capita/day)","S2924","Alcoholic Beverages","2018","2018","kcal/capita/day","145","E","Estimated value"
"FBS","Food Balances (2010-)","826","United Kingdom of Great Britain and Northern Ireland","664","Food supply (kcal/capita/day)","S2924","Alcoholic Beverages","2019","2019","kcal/capita/day","134","E","Estimated value"
"FBS","Food Balances (2010-)","826","United Kingdom of Great Britain and Northern Ireland","664","Food supply (kcal/capita/day)","S2924","Alcoholic Beverages","2020","2020","kcal/capita/day","131","E","Estimated value"
"FBS","Food Balances (2010-)","826","United Kingdom of Great Britain and Northern Ireland","664","Food supply (kcal/capita/day)","S2943","Meat","2016","2016","kcal/capita/day","460","E","Estimated value"
"FBS","Food Balances (2010-)","826","United Kingdom of Great Britain and Northern Ireland","664","Food supply (kcal/capita/day)","S2943","Meat","2017","2017","kcal/capita/day","444","E","Estimated value"
"FBS","Food Balances (2010-)","826","United Kingdom of Great Britain and Northern Ireland","664","Food supply (kcal/capita/day)","S2943","Meat","2018","2018","kcal/capita/day","447","E","Estimated value"
"FBS","Food Balances (2010-)","826","United Kingdom of Great Britain and Northern Ireland","664","Food supply (kcal/capita/day)","S2943","Meat","2019","2019","kcal/capita/day","437","E","Estimated value"
"FBS","Food Balances (2010-)","826","United Kingdom of Great Britain and Northern Ireland","664","Food supply (kcal/capita/day)","S2943","Meat","2020","2020","kcal/capita/day","436","E","Estimated value"
"FBS","Food Balances (2010-)","826","United Kingdom of Great Britain and Northern Ireland","664","Food supply (kcal/capita/day)","S2949","Eggs","2016","2016","kcal/capita/day","43","E","Estimated value"
"FBS","Food Balances (2010-)","826","United Kingdom of Great Britain and Northern Ireland","664","Food supply (kcal/capita/day)","S2949","Eggs","2017","2017","kcal/capita/day","44","E","Estimated value"
"FBS","Food Balances (2010-)","826","United Kingdom of Great Britain and Northern Ireland","664","Food supply (kcal/capita/day)","S2949","Eggs","2018","2018","kcal/capita/day","43","E","Estimated value"
"FBS","Food Balances (2010-)","826","United Kingdom of Great Britain and Northern Ireland","664","Food supply (kcal/capita/day)","S2949","Eggs","2019","2019","kcal/capita/day","43","E","Estimated value"
"FBS","Food Balances (2010-)","826","United Kingdom of Great Britain and Northern Ireland","664","Food supply (kcal/capita/day)","S2949","Eggs","2020","2020","kcal/capita/day","43","E","Estimated value"
"FBS","Food Balances (2010-)","826","United Kingdom of Great Britain and Northern Ireland","664","Food supply (kcal/capita/day)","S2948","Milk - Excluding Butter","2016","2016","kcal/capita/day","323","E","Estimated value"
"FBS","Food Balances (2010-)","826","United Kingdom of Great Britain and Northern Ireland","664","Food supply (kcal/capita/day)","S2948","Milk - Excluding Butter","2017","2017","kcal/capita/day","332","E","Estimated value"
"FBS","Food Balances (2010-)","826","United Kingdom of Great Britain and Northern Ireland","664","Food supply (kcal/capita/day)","S2948","Milk - Excluding Butter","2018","2018","kcal/capita/day","334","E","Estimated value"
"FBS","Food Balances (2010-)","826","United Kingdom of Great Britain and Northern Ireland","664","Food supply (kcal/capita/day)","S2948","Milk - Excluding Butter","2019","2019","kcal/capita/day","334","E","Estimated value"
"FBS","Food Balances (2010-)","826","United Kingdom of Great Britain and Northern Ireland","664","Food supply (kcal/capita/day)","S2948","Milk - Excluding Butter","2020","2020","kcal/capita/day","340","E","Estimated value"
"FBS","Food Balances (2010-)","826","United Kingdom of Great Britain and Northern Ireland","664","Food supply (kcal/capita/day)","S2960","Fish, Seafood","2016","2016","kcal/capita/day","49","E","Estimated value"
"FBS","Food Balances (2010-)","826","United Kingdom of Great Britain and Northern Ireland","664","Food supply (kcal/capita/day)","S2960","Fish, Seafood","2017","2017","kcal/capita/day","48","E","Estimated value"
"FBS","Food Balances (2010-)","826","United Kingdom of Great Britain and Northern Ireland","664","Food supply (kcal/capita/day)","S2960","Fish, Seafood","2018","2018","kcal/capita/day","44","E","Estimated value"
"FBS","Food Balances (2010-)","826","United Kingdom of Great Britain and Northern Ireland","664","Food supply (kcal/capita/day)","S2960","Fish, Seafood","2019","2019","kcal/capita/day","45","E","Estimated value"
"FBS","Food Balances (2010-)","826","United Kingdom of Great Britain and Northern Ireland","664","Food supply (kcal/capita/day)","S2960","Fish, Seafood","2020","2020","kcal/capita/day","45","E","Estimated value"
